State,State Name,hh_jun2025,hh_jun2026,yoy_change,used_national_value
AL,Alabama,367531,321268,-0.12587509625038432,False
AK,Alaska,31271,32478,0.03859806210226727,False
AZ,Arizona,444645,226837,-0.4898469565608519,False
AR,Arkansas,127278,116487,-0.0847829161363315,False
CA,California,3251615,3086400,-0.050810135886321106,False
CO,Colorado,334590,316548,-0.053922711378104546,False
CT,Connecticut,216110,185013,-0.14389431308130118,False
DE,Delaware,60306,50548,-0.16180811196232547,False
DC,District of Columbia,86276,79015,-0.08416013723399324,False
FL,Florida,1648876,1355536,-0.1779030078671774,False
GA,Georgia,716433,589416,-0.1772908283119287,False
HI,Hawaii,84773,78719,-0.07141424746086608,False
ID,Idaho,67168,62918,-0.06327417818008575,False
IL,Illinois,1030500,830342,-0.19423386705482776,False
IN,Indiana,277693,239046,-0.1391716751952696,False
IA,Iowa,130592,120865,-0.07448388875275667,False
KS,Kansas,93323,81996,-0.12137415213827245,False
KY,Kentucky,284679,263209,-0.07541827813080698,False
LA,Louisiana,390529,316703,-0.18904101872076082,False
ME,Maine,96958,88725,-0.08491305513727593,False
MD,Maryland,369957,350968,-0.051327586719537674,False
MA,Massachusetts,663156,560772,-0.15438901254003584,False
MI,Michigan,782275,706139,-0.09732638777923365,False
MN,Minnesota,236150,230673,-0.023192885877620157,False
MS,Mississippi,177238,157087,-0.11369458016903825,False
MO,Missouri,324645,299939,-0.07610158788830877,False
MT,Montana,41598,37954,-0.0876003654021828,False
NE,Nebraska,74231,63139,-0.1494254422006978,False
NV,Nevada,268605,194635,-0.27538578954226467,False
NH,New Hampshire,42528,41664,-0.020316027088036117,False
NJ,New Jersey,439089,407251,-0.07250921794898073,False
NM,New Mexico,248341,240109,-0.03314796992844516,False
NY,New York,1742932,1621728,-0.06954029187598827,False
NC,North Carolina,671581,624779,-0.0696892854324348,False
ND,North Dakota,28599,26681,-0.06706528200286724,False
OH,Ohio,735476,684031,-0.0699478976880279,False
OK,Oklahoma,339362,267762,-0.2109841408289673,False
OR,Oregon,454483,407150,-0.10414690978540452,False
PA,Pennsylvania,1061794,940308,-0.11441579063358806,False
RI,Rhode Island,88783,74716,-0.1584424946217181,False
SC,South Carolina,273110,234418,-0.1416718538317894,False
SD,South Dakota,37696,35818,-0.04981960950764007,False
TN,Tennessee,338816,304968,-0.09990083112958066,False
TX,Texas,1581297,1328683,-0.15975114099375387,False
UT,Utah,87657,74504,-0.1500507660540516,False
VT,Vermont,38889,36445,-0.06284553472704364,False
VA,Virginia,419755,388628,-0.07415516193970292,False
WA,Washington,529632,501065,-0.05393745090931062,False
WV,West Virginia,145149,135771,-0.06460947026848274,False
WI,Wisconsin,366975,353365,-0.03708699502690919,False
WY,Wyoming,12939,12119,-0.0633742947677564,False
